[{
        "id": "202009132357818513",
        "title": "“将分离的设备、功能、信息等要素集中成为一个相互关联的、统一的系统”体现",
        "option": [
            "协调性",
            "安全性",
            "集成性",
            "可拓展性"
        ],
        "answer": "C",
        "analysis": ""
    },
    {
        "id": "202009132357344602",
        "title": "下列关于电子商务产生原因的叙述中，不正确的是",
        "option": [
            "市场竞争是催化剂",
            "智能手机的普及与应用",
            "国际经济交往的客观要求",
            "信息网络技术为电子商务奠定了技术基础"
        ],
        "answer": "B",
        "analysis": ""
    },
    {
        "id": "202009132357846110",
        "title": "电子商务最基本的安全措施是",
        "option": [
            "加密技术",
            "认证技术",
            "SSL技术",
            "SET技术"
        ],
        "answer": "A",
        "analysis": ""
    },
    {
        "id": "202009132357421518",
        "title": "下列关于数字时间戳叙述正确的是",
        "option": [
            " 数字时间戳由金融机构提供",
            "数字时间戳的实现需要数字签名",
            "数字时间戳的实现无需加密技术",
            "数字时间戳的时间可以任意设定"
        ],
        "answer": "B",
        "analysis": ""
    },
    {
        "id": "202009132357916643",
        "title": "下列关于3G主要特点叙述正确的是",
        "option": [
            "单速率传送",
            "单业务传送",
            "采用宽带射频信道",
            "应用低频段频谱资源"
        ],
        "answer": "C",
        "analysis": ""
    },
    {
        "id": "202009132357407081",
        "title": "下列不属于B2B电子商务细分模式的是",
        "option": [
            "买方集中模式",
            "卖方集中模式",
            "第三方交易市场模式",
            "第四方交易市场模式"
        ],
        "answer": "D",
        "analysis": ""
    },
    {
        "id": "202009132357449024",
        "title": "企业管理层次减少、管理幅度增加的组织结构变化称为",
        "option": [
            "柔性化",
            "扁平化",
            "网络化",
            "团队化"
        ],
        "answer": "B",
        "analysis": ""
    },
    {
        "id": "202009132357558851",
        "title": "互联网金融的行业本质是",
        "option": [
            "金融",
            "零售",
            "互联网",
            "数字产业"
        ],
        "answer": "A",
        "analysis": ""
    },
    {
        "id": "20200913235751366",
        "title": "下列关于电子商务战略叙述正确的是",
        "option": [
            "电子商务战略是局部的",
            "电子商务战略必须服从于电子商务策略",
            "电子商务战略一旦制定就不能再发生变化",
            "电子商务战略要求企业采取主动态势预测未来"
        ],
        "answer": "D",
        "analysis": ""
    },
    {
        "id": "202009132357137260",
        "title": "下列属于电子商务产品创新中产品定义阶段的工作是",
        "option": [
            "形成产品概念",
            "研发部门做出设计方案",
            "调查收集消费者对新产品的反馈意见",
            "划分完整产品的核心产品、外围产品和外延产品等层次"
        ],
        "answer": "D",
        "analysis": ""
    },
    {
        "id": "202009132357939732",
        "title": "大规模定制的市场法则是",
        "option": [
            "强调大批量",
            "强调低成本",
            "围着顾客找产品",
            "守着产品找顾客"
        ],
        "answer": "C",
        "analysis": ""
    },
    {
        "id": "202009132357173425",
        "title": "“借助于互联网络、信息通讯技术和数字交互式媒体来实现营销目的的活动”指的是",
        "option": [
            "网络营销",
            "战略管理",
            "网络金融",
            " 市场营销"
        ],
        "answer": "A",
        "analysis": ""
    },
    {
        "id": "202009132357100438",
        "title": "搜索引擎营销中，符合关键词选择原则的是",
        "option": [
            "关键词越长越好",
            "关键词越特殊越好",
            "关键词越宽泛越好",
            "关键词越紧扣网站主题越好"
        ],
        "answer": "D",
        "analysis": ""
    },
    {
        "id": "202009132357343510",
        "title": "利用社交网络、在线社区、博客或者其他互联网协作平台媒体来传播和发布资讯的",
        "option": [
            "定制营销",
            "电子邮件营销",
            "网络广告营销",
            "社会化媒体营销"
        ],
        "answer": "D",
        "analysis": ""
    },
    {
        "id": "202009132357717838",
        "title": "客户关系管理系统中，具有记录客户查询和购买活动功能的模块是",
        "option": [
            "客户分析模块",
            "销售过程管理模块",
            "营销自动化模块",
            "客户信息管理模块"
        ],
        "answer": "B",
        "analysis": ""
    },
    {
        "id": "202009132357907539",
        "title": "“多源、异构、多模态”体现的大数据特征是",
        "option": [
            "多样性",
            "实时性",
            "稳定性",
            "低价值密度"
        ],
        "answer": "A",
        "analysis": ""
    },
    {
        "id": "202009132357129659",
        "title": "下列不属于市场进攻战略主要目的的是",
        "option": [
            "获取超额利润或潜在利润",
            "支持和扩张现有的经营领域",
            "增强市场竞争和激发竞争对手斗志",
            "扩大市场占有率并增强企业的核心竞争力"
        ],
        "answer": "C",
        "analysis": ""
    },
    {
        "id": "202009132357798796",
        "title": "某珠宝网店通过与百年珠宝零售店合作拓展其业务，这一电子商务市场战略属于",
        "option": [
            "市场防御战略",
            "与传统企业合作战略",
            "职能拓展战略",
            "与相关行业合作战略"
        ],
        "answer": "B",
        "analysis": ""
    },
    {
        "id": "202009132357378198",
        "title": "下列属于自营物流模式优点的是",
        "option": [
            "投资大",
            "服务外包",
            "投资回收周期长",
            "充分利用自身的资源"
        ],
        "answer": "D",
        "analysis": ""
    },
    {
        "id": "202009132357427080",
        "title": "下列属于电子商务一般业务服务层伦理问题的是",
        "option": [
            "商业信用缺失",
            "网络病毒的威胁",
            "信息安全性的破坏",
            "网络攻击者的不道德行为"
        ],
        "answer": "A",
        "analysis": ""
    },
    {
        "id": "202009132357728618",
        "title": "按照交易对象分类，电子商务分为",
        "option": [
            "EDl电子商务",
            "有形商品电子商务",
            "Internet电子商务",
            "Intranet电子商务",
            "无形商品电子商务"
        ],
        "answer": "BE",
        "analysis": ""
    },
    {
        "id": "202009132357240864",
        "title": "云计算的主要功能包括",
        "option": [
            "提供存储资源",
            " 提供动态的数据服务",
            "提供计算资源",
            "提供绝对可靠的安全监管机制",
            "提供网络资源"
        ],
        "answer": "ABCE",
        "analysis": ""
    },
    {
        "id": "202009132357835770",
        "title": "电子商务一体化战略类型包括",
        "option": [
            "前向一体化战略",
            "后向一体化战略",
            "横向一体化战略",
            "多元一体化战略",
            "市场一体化战略"
        ],
        "answer": "ABC",
        "analysis": ""
    },
    {
        "id": "202009132357474088",
        "title": "消费者决策的基本原则包括",
        "option": [
            "最大满意原则",
            "相对满意原则",
            "遗憾最小原则",
            "预期满意原则",
            "无差异原则"
        ],
        "answer": "ABCD",
        "analysis": ""
    },
    {
        "id": "202009132357108901",
        "title": "电子商务中不正当竞争行为包括",
        "option": [
            "虚假宣传行为",
            "商业诋毁行为",
            "侵犯商业秘密行为",
            "挟持网络舆论评价行为",
            "擅自使用他人商标标识行为"
        ],
        "answer": "ABCDE",
        "analysis": ""
    },
    {
        "id": "202009132357594992",
        "title": "简述企业外联网(Extranet)的主要应用。",
        "option": [],
        "answer": "\n（1）信息的维护和传播。\n（2）提供更有效的信息交换渠道。\n（3）获取客户和市场信息。\n（4）客户服务。\n（5）产品、项目的管理和控制。",
        "analysis": ""
    },
    {
        "id": "202009132357289680",
        "title": "筒述有效口碑营销的基本要素。",
        "option": [],
        "answer": "\n（1）提供有价值的产品或服务。\n（2）提供无需努力的向他人传递信息的方式。\n（3）利用公众的积极性和行为。\n（4）利用现有的关系网络。\n（5）利用别人的资源。",
        "analysis": ""
    },
    {
        "id": "202009132357986015",
        "title": " 简述电子商务市场结构以寡头垄断为主的原因。",
        "option": [],
        "answer": "\n（1）在现实经济中，完全竞争的市场结构是不容易存在的，能够满足买者很多，规模很小，进入市场自由和产品同质的条件是很少的，电子商务市场不符合这些特征。\n（2）完全垄断的情况在电子商务市场比较少见。\n（3）垄断竞争的市场结构在电子商务时代不能说没有，但是电子商务没有完全缓解竞争，垄断性竞争的市场结构往往存在的时间不长，即向寡头垄断转化，较少的大企业会控制整个行业。",
        "analysis": ""
    },
    {
        "id": "202009132357215466",
        "title": "简述第三方物流给电子商务企业带来的好处。",
        "option": [],
        "answer": "\n（1）有利于电子商务企业核心竞争力的提高。\n（2）有利于电子商务企业减少库存成本，节省物流费用、降低商品库存保管费用。\n（3）有利于电子商务企业获得专业的物流技术支持与帮助，实现商品物流信息分析。",
        "analysis": ""
    },
    {
        "id": "202009132357482647",
        "title": "简述数字鸿沟对社会的影响。",
        "option": [],
        "answer": "\n（1）扩大贫富差距和两极分化。\n（2）使不同群体之间产生政治知识上的差距。\n（4）加深教育鸿沟。\n（3）带来不同人群社会生活方式和情感表达方式的差异。\n\n",
        "analysis": ""
    }
]