[
    {
        "id": "20200913022328167",
        "title": "下列不属于电子商务特点的是",
        "option": [
            "集成性",
            "交互性",
            "虚拟性",
            "封闭性"
        ],
        "answer": "D",
        "analysis": "（书P7）电子商务的具体特点：数字化、外部性、集成性、协调性、可拓展性、普遍性、虚拟性、交互性、公平竞争、低成本、顾客价值高。"
    },
    {
        "id": "202009130223185733",
        "title": "下列不属于B2C电子商务网站的是",
        "option": [
            "阿里巴巴",
            "京东商城",
            "亚马逊网站",
            "必胜客外卖网站"
        ],
        "answer": "A",
        "analysis": "（书P53）B2C就是通过网上商店实现网上在线商品零售和为消费者提供所需的商务活动。目前internet上有很多成功例子，如必胜客的外卖网站、国内的网上商城8848网站等。"
    },
    {
        "id": "202009130223477694",
        "title": "下列属于对称加密算法的是",
        "option": [
            "RSA",
            "ECC",
            "AES",
            "HASH"
        ],
        "answer": "C",
        "analysis": "（书P64）对称加密也叫单密钥加密，这种方法的加密密钥和解密密钥是相同的，常用的对称加密算法有：DES、PCR、IDEA、3DES、AES等"
    },
    {
        "id": "202009130223705963",
        "title": "下列关于数字信封技术叙述正确的是",
        "option": [
            "使用发送方的公开加密密钥对信息进行加密",
            "使用发送方的对称加密密钥对信息进行加密",
            "使用接收方的公开加密密钥对信息进行加密",
            "使用接收方的对称加密密钥对信息进行加密"
        ],
        "answer": "B",
        "analysis": ""
    },
    {
        "id": "202009130223367508",
        "title": "移动终端访问无线信息服务的主要标准是",
        "option": [
            "WWW技术",
            "WAP技术",
            "GPRS技术",
            "3G技术"
        ],
        "answer": "B",
        "analysis": "（书P65）数字信封综合了对称加密技术和非对称加密技术的优点，它使用发送方的对称加密密钥对信息进行加密，使用接受方提供的公开密钥对该对称密钥进行加密。"
    },
    {
        "id": "202009130223701179",
        "title": "下列属于网络自助出版模式主要理论依据的是",
        "option": [
            "二八定律",
            "长尾理论",
            "牛鞭效应",
            "羊群效应"
        ],
        "answer": "B",
        "analysis": "（书P95）长尾时代许多商务模式得以创新，我们以自主出版为例说明。自主出版是指由作者编辑、制作、印刷，由作者进行市场营销、发行、仓储和售后服务等，并由作者承担全部出版费用的出版形式。"
    },
    {
        "id": "202009130223519425",
        "title": "互联网思维的特点是",
        "option": [
            "以产品为中心",
            "以原料为中心",
            "以渠道为中心",
            "以消费者为中心"
        ],
        "answer": "D",
        "analysis": "（书P111）互联网思维的特点如下：以消费者为中心、注重客户体验、整合与利用资源。"
    },
    {
        "id": "202009130223660737",
        "title": "支付宝所属的互联网金融模式是",
        "option": [
            "P2P",
            "C2P",
            "众筹",
            "第三方支付"
        ],
        "answer": "D",
        "analysis": "(书P69)第三方支付是目前主要的网络交易手段和信用中介，起到了在商家和银行之间建立连接，实现第三方监管和技术保障的作用。第三方支付是指具备一定实力和信誉保障的独立机构，采用与各大银行签约的方式，提供与银行支付结算系统接口的交易支持平台的网络支付模式。"
    },
    {
        "id": "202009130223301279",
        "title": "“相对市场份额较低，产业销售增长率较高的业务单元”属于波士顿矩阵中的",
        "option": [
            "瘦狗业务",
            "问题业务",
            "明星业务",
            "金牛业务"
        ],
        "answer": "B",
        "analysis": "（书P130）"
    },
    {
        "id": "202009130223934078",
        "title": "下列属于数字产品的是",
        "option": [
            "电影",
            "路由器",
            "电视机",
            "计算机"
        ],
        "answer": "A",
        "analysis": "（书P141）"
    },
    {
        "id": "202009130223476707",
        "title": "企业资源计划的缩写为",
        "option": [
            "ERP",
            "BPR",
            "MRP",
            "MRPII"
        ],
        "answer": "A",
        "analysis": "（书P43）"
    },
    {
        "id": "202009130223426201",
        "title": "以“研究院所+工业园区”模式为特征的创客文化基因是",
        "option": [
            "DIY文化",
            "车库文化",
            "黑客文化",
            "硅谷文化"
        ],
        "answer": "D",
        "analysis": "（书P158~159）创客文化基因包括：车库文化、硅谷文化（“研究院所+工业园区”模式）、DIY文化、黑客文化。"
    },
    {
        "id": "202009130223832042",
        "title": "下列不属于4Ps理论中企业可控制变数的是",
        "option": [
            "产品",
            "价格",
            "时间",
            "促销"
        ],
        "answer": "C",
        "analysis": "（书P173）“4Ps”营销理论围绕着产品、价格、地点、促销来进行营销管理。"
    },
    {
        "id": "202009130223246418",
        "title": "依据4Rs理论，营销的落脚点是",
        "option": [
            "关系",
            "反应",
            "报酬",
            "关联"
        ],
        "answer": "C",
        "analysis": "（书P174）报酬：任何交易与合作关系的巩固和发展，都是经济利益问题。因此，一定的合理回报既是正确处理营销活动中各种矛盾的出发点，也是营销的落脚点。"
    },
    {
        "id": "202009130223633779",
        "title": "Google(谷歌)搜索引擎的类型为",
        "option": [
            "元搜索引擎",
            "单词搜索引擎",
            "全文搜索引擎",
            "目录索引搜索引擎"
        ],
        "answer": "C",
        "analysis": "（书P179）全文搜索引擎是名副其实的搜索引擎，国外代表有GOOGLE国内则有百度。"
    },
    {
        "id": "202009130223840259",
        "title": "“在网络环境下，消费者不再被动地接受厂家提供的商品和服务，而是主动上网寻",
        "option": [
            "理性意识加强",
            "对快捷方便的需求加强",
            "主体意识加强",
            "对价格便宜的需求加强"
        ],
        "answer": "C",
        "analysis": "（书P193）"
    },
    {
        "id": "202009130223915073",
        "title": "分析网站数据库中客户访问页面、停留时间等数据的主要目的是",
        "option": [
            "识别学历程度",
            "识别客户信息形式偏好",
            "识别生命周期群组",
            "识别客户行为和购买偏好"
        ],
        "answer": "D",
        "analysis": "(书P199）对数据库中用户相关资料进行分析，例如访问页面、停留时间、浏览产品页面、收藏页面、访问间隔时间、最后一次的购买详情、所有的购买次数、购买总额和购买产品的类型等、再应用各种数据分析工具得出客户的消费偏好，其主要目的是为了识别客户行为和购买偏好。"
    },
    {
        "id": "202009130223894796",
        "title": "电子采购系统的英文缩写是",
        "option": [
            "EPS",
            "EDI",
            "IOIS",
            "EOS"
        ],
        "answer": "A",
        "analysis": "(书P230）电子采购系统（EPS）作为一种开放式系统，是实施电子采购策略的关键，它促进了购买商和供应商沟通信息和交易履行。"
    },
    {
        "id": "202009130223292563",
        "title": "物流企业UPS公司属于",
        "option": [
            "自营物流",
            "本地物流",
            "第三方物流",
            "企业物流联盟"
        ],
        "answer": "C",
        "analysis": "(书P239）欧洲和美国等发达国家的第三方物流开始于20世纪80年代，经过多年的快速发展，出现了诸如UPS、TNT、DHL等世界知名的第三方物流企业。"
    },
    {
        "id": "202009130223670586",
        "title": "下列受到网络著作权保护的电子商务产品是",
        "option": [
            "商标",
            "域名",
            "IP地址",
            "计算机软件"
        ],
        "answer": "D",
        "analysis": "(书246)计算机软件是网络著作权的重要客体之一。"
    },
    {
        "id": "202009130223331818",
        "title": "物联网的技术架构包括",
        "option": [
            "物理层",
            "感知层",
            "网络层",
            "应用层",
            "数据链路层"
        ],
        "answer": "BCD",
        "analysis": "(书76)物联网的技术架构包括感知层、网络层和应用层。"
    },
    {
        "id": "202009130223731096",
        "title": "电子商务促进企业组织结构发生的变化包括",
        "option": [
            "人性化",
            "柔性化",
            "扁平化",
            "网络化",
            "团队化"
        ],
        "answer": "BCDE",
        "analysis": "(书110)电子商务导致企业组织结构重组会呈现四大趋势：柔性化、扁平化、网络化、团队化。"
    },
    {
        "id": "202009130223168772",
        "title": "“4Cs”营销理论的要素包括",
        "option": [
            "顾客",
            "方便",
            "沟通",
            "价格",
            "成本"
        ],
        "answer": "ABCE",
        "analysis": "(书173~174)“4Cs”营销理论的要素包括：顾客、成本、方便和沟通。"
    },
    {
        "id": "202009130223858234",
        "title": "数据仓库的特征包括",
        "option": [
            "时变性",
            "集成性",
            "稳定性",
            "面向主题性",
            "界面美观性"
        ],
        "answer": "ABCD",
        "analysis": "(书204)"
    },
    {
        "id": "202009130223652253",
        "title": "下列属于经营业务战略的有",
        "option": [
            "集中化战略",
            "成本领先战略",
            "差异化战略",
            "市场跟进战略",
            "迂回进攻战略"
        ],
        "answer": "ABC",
        "analysis": "(书214)对于电子商务企业来说，和传统企业一样有以下三种经营业务战略可以选择：成本领先战略、差异化战略和集中化战略。"
    },
    {
        "id": "202009130223522305",
        "title": "什么是梅特卡夫定律?举例说明其在市场竞争中发挥作用的原理。",
        "option": [],
        "answer": "梅特卡夫定律是指网络的价值等于网络节点数的平方\n在市场竞争中，梅特卡夫定律发挥作用的原理时“网络外部性”\n例如，随着采用QQ聊天用户数量的增加，该即时通讯网络的价值就以幂级的速度增加",
        "analysis": ""
    },
    {
        "id": "202009130223934608",
        "title": "简述企业内联网的含义及其组成。",
        "option": [],
        "answer": "企业内联网，即Intranet，又被称为内部网、内联网、内网，是基于Internet技术建立的可支持企事业内部业务处理和信息交流的综合网络信息系统\n典型的内联网组成包括：服务器、客户机、通信网络、安全系统",
        "analysis": ""
    },
    {
        "id": "202009130223782083",
        "title": "简述电子商务有形产品定制生产的优势。",
        "option": [],
        "answer": "产品更有针对性\n生产预测更准确\n更好地和消费者保持联系\n动态贸易的实现",
        "analysis": ""
    },
    {
        "id": "202009130223449091",
        "title": "简述电子商务供应链管理的优势。",
        "option": [],
        "answer": "有利于维系和发展客户，拓展业务\n有利于提高供应链企业的整体运营参数\n有利于保障供应链企业协调有序地运转",
        "analysis": ""
    },
    {
        "id": "202009130223576491",
        "title": "简述电子商务信用模式的种类。",
        "option": [],
        "answer": "中介人模式\n担保人模式\n单边信用模式\n授权委托模式\n",
        "analysis": ""
    },
    {
        "id": "202009130223789738",
        "title": "“用户访问量超过设计限度时，电子商务系统结构能够及时、自动地扩大容量，继续接受用户访问”体现了电子商务的",
        "option": [
            "普遍性",
            "集成性",
            "协调性",
            "可拓展性"
        ],
        "answer": "D",
        "analysis": "可拓展性是指用户访问量超过设计限度时，电子商务系统结构能够及时、自动地扩大容量，继续接受用户访问。"
    },
    {
        "id": "202009130223192601",
        "title": "Web3.0的本质是",
        "option": [
            "联合",
            "互动",
            "传递",
            "技术整合"
        ],
        "answer": "D",
        "analysis": "WEB1.0的本质是联合，WEB2.0的本质是互动，WEB3.0的本质是技术整合"
    },
    {
        "id": "202009130223273997",
        "title": "下列属于非对称加密算法的是",
        "option": [
            "DES",
            "RSA",
            "AES",
            "IDEA"
        ],
        "answer": "B",
        "analysis": "常用的非对称加密算法有RSA、ECC等；"
    },
    {
        "id": "202009130223279816",
        "title": "下列属于物联网中应用层关键技术的是",
        "option": [
            "Internet",
            "人工智能",
            "传感器技术",
            "移动通信网络"
        ],
        "answer": "B",
        "analysis": "物联网应用层的关键技术包括：M2M（机器到机器）、人工智能、中间件"
    },
    {
        "id": "20200913022325060",
        "title": "下列关于长尾理论的说法中，正确的是",
        "option": [
            "长尾理论不适用于数字产品的销售",
            "长尾理论是二八定律的延续和深化",
            "长尾理论强调的是大众文化和小众文化的等同",
            "长尾理论认为众多小市场可以汇聚成与主流大市场相匹敌的市场能量"
        ],
        "answer": "D",
        "analysis": "长尾理论的基本原理是：只要存储和流通的渠道足够大，需求不旺或销量不佳的产品所共同占有的市场份额可以和那些少数热销产品所占据的市场份额相匹敌甚至更大，即众多小市场汇聚可与主流大市场相匹敌的市场能量"
    },
    {
        "id": "202009130223467204",
        "title": "下列不属于企业硬件资源的是",
        "option": [
            "品牌",
            "厂房",
            "设备",
            "生产线"
        ],
        "answer": "A",
        "analysis": "企业的资源可分为硬件资源和软件资源，其中硬件资源包括厂房、生产线、运输工具等；软件资源包括人力、管理、品牌等。"
    },
    {
        "id": "202009130223426239",
        "title": "互联网思维最重要的特点是",
        "option": [
            "注重节约成本",
            "以消费者为中心",
            "注重平台规则",
            "以生产者为中心"
        ],
        "answer": "B",
        "analysis": "互联网思维的特点包括：以消费者为中心、注重客户体验、整合与利用资源。其中以消费者为中心是互联网思维最重要的特点。"
    },
    {
        "id": "202009130223555600",
        "title": "“划分核心产品、外围产品和外延产品”属于电子商务产品创新的哪个阶段?",
        "option": [
            "产品概念阶段",
            "产品推广阶段",
            "产品定义阶段",
            "产品设计阶段"
        ],
        "answer": "C",
        "analysis": "在产品定义阶段，市场人员把产品的各项指标和特性确定下来，把产品描述出来，把完整产品的核心产品、外围产品和外延产品等三个层次划分出来。"
    },
    {
        "id": "202009130223690452",
        "title": "“4RS”营销理论中的“关系”是指",
        "option": [
            "加快顾客投诉处理",
            "企业及时回应顾客需求",
            "企业获得合理回报",
            "企业与顾客建立的长期而稳固的关系"
        ],
        "answer": "D",
        "analysis": "“4RS”营销理论中的关系是指，在企业与客户的关系发生了本质性变化的市场环境中，抢占市场的关键已转变为与客户建立长期而稳固的关系。"
    },
    {
        "id": "202009130223367762",
        "title": "通过在线调查表或者电子邮件等方式了解市场，这种网络营销活动属于",
        "option": [
            "网上调研",
            "网络观察",
            "消费者画像",
            "网络消费者分析"
        ],
        "answer": "A",
        "analysis": ""
    },
    {
        "id": "202009130223376357",
        "title": "消费者没有购买目标，进入网上商店后受网上广告和促销活动的吸引而购买了商品，这类购买行为属于",
        "option": [
            "特定购买",
            "计划购买",
            "提醒购买",
            "强制购买"
        ],
        "answer": "C",
        "analysis": "提醒购买是指消费者没有购买目标，进入网上商店后，被网上广告和促销活动引发了购买欲望。"
    },
    {
        "id": "20200913022376794",
        "title": "增加客户从公司购买产品的范围或种类，这一发展客户的过程称为",
        "option": [
            "客户延伸",
            "客户获得",
            "客户保留",
            "客户选择"
        ],
        "answer": "A",
        "analysis": "客户延伸是指增加客户从公司购买产品的范围或种类，这一过程通常又被称为“发展客户”。"
    },
    {
        "id": "202009130223826367",
        "title": "在客户细分和定位活动中，“分析客户购买详情”属于",
        "option": [
            "识别客户特征",
            "识别客户的渠道偏好",
            "识别客户的购买偏好",
            "识别客户的信息形式偏好"
        ],
        "answer": "C",
        "analysis": "识别客户行为和购买偏好是指对数据库中用户相关资料进行分析,例如访问页面、停留时间、浏览产品页面、收藏页面、访问间隔时间、最近一次的购买详情、所有的购买次数、购买总额和购买产品的类型等﹐再应用各种数据分析工具得出客户的消费偏好。"
    },
    {
        "id": "202009130223273981",
        "title": "下列关于电子商务定价特点的说法中，错误的是",
        "option": [
            "降低了交易价格",
            "有利于个性化定价",
            "造成了产品价格信息的不对称性",
            "使得消费者之间的信息沟通变得通畅"
        ],
        "answer": "C",
        "analysis": "\n电子商务定价特点包括：\n打破了产品价格信息的不对称性\n降低了交易价格\n全球性影响定价\n有利于个性化定价\n有利于消费者间的信息沟通和联合购买"
    },
    {
        "id": "202009130223202273",
        "title": "下列关于免费定价策略的说法中，错误的是",
        "option": [
            "免费定价策略可以直接带来高额利润",
            "免费定价策略可以吸引用户访问网站",
            "免费定价策略是电子商务常用策略之一",
            "免费定价策略有助于将部分网络访问者转换为购买者"
        ],
        "answer": "A",
        "analysis": ""
    },
    {
        "id": "20200913022330052",
        "title": "将供应商、制造商、分销商、零售商、最终用户连成一个整体的网链结构是",
        "option": [
            "产业链",
            "供应链",
            "物流联盟",
            "配送网络"
        ],
        "answer": "B",
        "analysis": "供应链是围绕核心企业，通过对信息流、物流、资金流的控制，从采购原材料开始，制成中间产品以及最终产品，最后由销售网络把产品送到消费者手中的，将供应商、制造商、分销商、零售商，直到最终用户连成一个整体的功能网链架构。"
    },
    {
        "id": "202009130223348582",
        "title": "下列关于电子采购和传统采购的说法中，正确的是",
        "option": [
            "传统采购比电子采购的成本更低",
            "电子采购比传统采购的效率更高",
            "传统采购比电子采购更容易进行信息跟踪",
            "电子采购比传统采购更容易出现暗箱操作"
        ],
        "answer": "B",
        "analysis": ""
    },
    {
        "id": "202009130223835795",
        "title": "具有“买方可能会因竞争过于激烈而不愿参加”劣势的电子采购系统是    ",
        "option": [
            "中介系统",
            "行业平台",
            "采购方系统",
            "销售方系统"
        ],
        "answer": "D",
        "analysis": "销售方系统的劣势是买房可能会因竞争过于激烈而不愿参加。"
    },
    {
        "id": "202009130223926314",
        "title": "下列可以成为电子商务专利客体的是",
        "option": [
            "流量",
            "出版权",
            "用户信息",
            "商业方法系统"
        ],
        "answer": "D",
        "analysis": ""
    },
    {
        "id": "202009130223303828",
        "title": "信息富有者和信息贫困者之间的鸿沟被称为",
        "option": [
            "财富鸿沟",
            "认知鸿沟",
            "数字鸿沟",
            "全球化鸿沟"
        ],
        "answer": "C",
        "analysis": "数字鸿沟也被称为信息鸿沟，它是指信息富有者和信息贫困者之间的鸿沟"
    },
    {
        "id": "202009130223607115",
        "title": "由电子商务市场主体决定的电子商务特点有",
        "option": [
            "低成本",
            "网络外部性",
            "公平竞争",
            "虚拟协调性",
            "消费者的顾客价值高"
        ],
        "answer": "ACE",
        "analysis": "由电子商务市场主体决定的电子商务的特点包括：公平竞争、低成本、消费者的顾客价值高"
    },
    {
        "id": "202009130223149164",
        "title": "下列关于电子商务信息经济新规律的说法中，正确的有",
        "option": [
            "梅特卡夫定律又称为--A定律",
            "边际收益递减规律被边际收益递增规律代替",
            "边际收益递增规律被边际收益递减规律代替",
            "梅特卡夫定律认为网络的价值等于网络节点数的平方",
            "达维多定律认为任何企业在本产业中必须最后一个淘汰自己的产品"
        ],
        "answer": "BD",
        "analysis": ""
    },
    {
        "id": "20200913022325989",
        "title": "下列属于数字产品的有",
        "option": [
            "电子地图",
            "在线电影",
            "电子杂志",
            "在线音乐",
            "电子图书"
        ],
        "answer": "ABCDE",
        "analysis": ""
    },
    {
        "id": "202009130223419945",
        "title": "网络著作权的客体包括",
        "option": [
            "网页",
            "链接标志",
            "数据库",
            "网络设备",
            "数字化作品"
        ],
        "answer": "ABCE",
        "analysis": "网络著作权的客体包括：数字化作品、直接以数字化形式创作的产品、网页、数据库、链接标志"
    },
    {
        "id": "202009130223691069",
        "title": "电子商务信用模式包括",
        "option": [
            "委托授权模式",
            "担保人模式",
            "单边信用模式",
            "中介入模式",
            "自我授权模式"
        ],
        "answer": "ABCD",
        "analysis": "电子商务信用模式主要分为以下四种：中介人模式、担保人模式、单边信用模式、授权委托模式。"
    },
    {
        "id": "20200913022328550",
        "title": "简述移动支付的三类运营模式。",
        "option": [],
        "answer": "以移动运营商为主体的移动支付运营模式\n以银行为主体的移动支付运营模式\n以独立的第三方为主体的移动支付运营模式\n",
        "analysis": "123"
    },
    {
        "id": "202009130223247314",
        "title": "简述020电子商务模式的交易流程。",
        "option": [],
        "answer": "线上撮合，消费者通过线上获取商品或服务信息，进行选择和评估，做出购买决策。\n线上支付，消费者通过网络银行或第三方支付等在线支付工具进行在线支付或在线预付购买线下的商品或服务，支付成功后，领取数字凭证。\n线下消费，消费者凭借数字凭证或优惠券到线下实体店去消费所购买的商品，实现线下消费。\n线上评论，消费者线下完成实际消费后再回到O2O平台进行消费评价\n消费反馈，消费完成后，O2O平台把交易相关的数据进行实时处理，把分析的消费数据提供给商家，并把商品信息和消息反馈信息准确的推送给消费者，为消费者再次购买商品或服务提供依据。",
        "analysis": ""
    },
    {
        "id": "202009130223984458",
        "title": "简述电子商务影响下企业组织结构重组的变化趋势。",
        "option": [],
        "answer": "柔性化。柔性化指组织需要一定的柔性以提高应变能力和快速响应能力。\n扁平化。扁平化指组织管理层次的减少和管理幅度的增加，组织形态从金字塔向扁平化转变。\n网络化。网络化指各个网络单元具有相当的管理决策权，每个成员单位可以以实体或虚拟的形式进行资源互补和组织优化，提高资源利用率。\n团队话。团队化指自我管理和授权的公司需要所有员工的共同努力，团队的工作概念代表了工作方式的最基本变化。",
        "analysis": ""
    },
    {
        "id": "202009130223199552",
        "title": "简述电子商务生产模式的特征。",
        "option": [],
        "answer": "创新特征。创新成为电子商务环境下企业竞争制胜的法宝。\n个性化服务特征。网络使消费者参与更强，企业的服务更好，真正实现由企业生产引导型向消费引导型转变。\n知识特征。知识成为电子商务时代生产的关键性资源，他从根本上改变了社会的结构，创造了新的社会动力和经济动力。\n文化特征。电子商务环境下的企业文化更具有丰富的内涵，人文文化将受到普遍的重视，社会更加注重文化资源。\n更新快特征。产品开发周期和生命周期都在缩短。",
        "analysis": ""
    },
    {
        "id": "202009130223866966",
        "title": "简述第三方物流的特征。",
        "option": [],
        "answer": "第三方物流是处在需求和供应双方之间的物流形式。\n第三方物流是一类具有专业化、社会化特点的物流。\n第三方物流是一种综合化的服务。\n第三方物流与客户之间是战略同盟的关系。\n",
        "analysis": ""
    }
]