[
    {
        "id": "20200913220693419",
        "title": "以信息网络技术为手段，以商品交换为中心的商务活动称为",
        "option": [
            "电子商务",
            "国际商务",
            "市场营销",
            "网络营销"
        ],
        "answer": "A",
        "analysis": ""
    },
    {
        "id": "202009132206371081",
        "title": "根据网络外部性，网络的价值随着拥有成员的增加而发生的变化是",
        "option": [
            "周期波动",
            "保持均衡",
            "不断增加",
            "不断减少"
        ],
        "answer": "C",
        "analysis": ""
    },
    {
        "id": "202009132206550276",
        "title": "应用智能手机等移动设备从事的商务活动属于",
        "option": [
            "EFT电子商务",
            "移动电子商务",
            "EDI电子商务",
            "Intranet电子商务"
        ],
        "answer": "B",
        "analysis": ""
    },
    {
        "id": "202009132206880914",
        "title": "下列属于内联网特征的是    ",
        "option": [
            "强调各个企业间的连接",
            "强调各个组织网站问的连接",
            "强调企业与消费者问的连接",
            "只为企业内部服务，不对公众公开"
        ],
        "answer": "D",
        "analysis": ""
    },
    {
        "id": "202009132206241862",
        "title": "电子商务的安全要素中，“完整性”表现为",
        "option": [
            "电子商务系统应防止对交易信息的随意改动",
            "电子商务系统应防止对交易信息非法截获或读取",
            "电子商务系统应防止系统延迟和拒绝服务的发生",
            "电子商务系统应确保交易双方的身份信息是合法和可靠的"
        ],
        "answer": "A",
        "analysis": ""
    },
    {
        "id": "20200913220633416",
        "title": "电子商务企业经营过程中的计划、组织、实施和控制等管理工作的总称指的是",
        "option": [
            "商务模式",
            "电子商务赢利模式",
            "电子商务营销模式",
            "电子商务运蕾模式"
        ],
        "answer": "D",
        "analysis": ""
    },
    {
        "id": "20200913220677239",
        "title": "在赢利模式要素中，“企业可以获取利润的产品和服务”指的是",
        "option": [
            "利润点",
            "利润源",
            "利润对象",
            "利润屏障"
        ],
        "answer": "A",
        "analysis": ""
    },
    {
        "id": "202009132206515554",
        "title": "对企业的业务流程进行根本性再思考和再设计指的是",
        "option": [
            "新产品开发",
            "市场营销管理",
            "业务流程重组",
            "客户关系管理"
        ],
        "answer": "C",
        "analysis": ""
    },
    {
        "id": "202009132206822970",
        "title": "下列属于传统企业组织结构典型特征的是",
        "option": [
            "网络化",
            "柔性化",
            "扁平型",
            "职能型"
        ],
        "answer": "D",
        "analysis": ""
    },
    {
        "id": "202009132206487713",
        "title": "“电子商务企业通过收购兼并等方式，取得上游供应商的所有权或增加对其控制权",
        "option": [
            "前向一体化战略",
            "后向一体化战略",
            "横向一体化战略",
            "供应链一体化战略"
        ],
        "answer": "B",
        "analysis": ""
    },
    {
        "id": "202009132206539488",
        "title": "在SWOT矩阵分析中，“利用企业的优势，回避或减少外部威胁的冲击”属于",
        "option": [
            "SO战略",
            "ST战略",
            "WO战略",
            "WT战略"
        ],
        "answer": "B",
        "analysis": ""
    },
    {
        "id": "202009132206339748",
        "title": "下列关于大规模生产模式叙述不正确的是",
        "option": [
            "大规模生产产生规模经济",
            "大规模生产是一种“一对一”的模式",
            "大规模生产的市场法则是“守着产品找顾客”",
            "大规模生产用一种产品满足不同消费者的需求"
        ],
        "answer": "B",
        "analysis": ""
    },
    {
        "id": "202009132206451852",
        "title": "在产品创新流程中，研发部门做出产品设计方案属于",
        "option": [
            "产品概念阶段",
            "产品定义阶段",
            "产品试验推广阶段",
            "产品设计和样品研制阶段"
        ],
        "answer": "D",
        "analysis": ""
    },
    {
        "id": "202009132206115165",
        "title": "下列关于创客创新叙述正确的是",
        "option": [
            "创客们更注重社区的培育",
            "刨客项目的唯一诉求是利益",
            "创客创新过程全部采取自上而下的路径",
            "创客的产品开发是从公司到市场的线性模式"
        ],
        "answer": "A",
        "analysis": ""
    },
    {
        "id": "202009132206388248",
        "title": "按搜索引擎的工作方式划分，百度(www.baidu.com)属于",
        "option": [
            "元搜索引擎",
            "文献搜索引擎",
            "全文搜索引擎",
            "目录索引类搜索引擎"
        ],
        "answer": "C",
        "analysis": ""
    },
    {
        "id": "202009132206596270",
        "title": "“增加客户购买公司产品的范围或种类”所属的客户关系管理阶段是",
        "option": [
            "客户延伸",
            " 客户保留",
            "客户选择",
            "客户获得"
        ],
        "answer": "A",
        "analysis": ""
    },
    {
        "id": "202009132206172484",
        "title": "数据挖掘在客户关系管理中可以发挥的作用是",
        "option": [
            "发布信息",
            "存储信息",
            "接触客户",
            "发现潜在客户"
        ],
        "answer": "D",
        "analysis": ""
    },
    {
        "id": "202009132206405660",
        "title": "生产及流通过程中，涉及将产品或服务提供给最终用户所形成的网链结构称为",
        "option": [
            "供应链",
            "客户链",
            "企业联盟",
            "利益相关者"
        ],
        "answer": "A",
        "analysis": ""
    },
    {
        "id": "202009132206144484",
        "title": "下列属予电子商务物流特点的是",
        "option": [
            "配送频次少",
            "配送批量大",
            "配送分散性",
            "服务共性化"
        ],
        "answer": "C",
        "analysis": ""
    },
    {
        "id": "20200913220674625",
        "title": "捏造损害竞争对手商誉的虚假信息并利用微博传播，这种不正当竞争行为属于",
        "option": [
            "虚拟宣传",
            "商业诋毁",
            "侵犯商业秘密",
            "挟持网络舆论评价"
        ],
        "answer": "B",
        "analysis": ""
    },
    {
        "id": "202009132206435054",
        "title": "互联网金融的特征有",
        "option": [
            "零风险",
            "去中介化",
            "发展快",
            "监管完善",
            "市场标准化"
        ],
        "answer": "BC",
        "analysis": ""
    },
    {
        "id": "202009132206261849",
        "title": "电子商务定价特点包括",
        "option": [
            "降低了交易价格",
            "有利于个性化定价",
            "全球性影响定价",
            "有利于消费者问的信息沟通",
            "打破了产品价格信息的不对称性"
        ],
        "answer": "ABCDE",
        "analysis": ""
    },
    {
        "id": "202009132206177111",
        "title": "与传统营销相比，网络营销的特点包括",
        "option": [
            "全球性",
            "空间的虚拟性",
            "时间无限制性",
            "信息沟通的廉价性",
            "客户的不变性"
        ],
        "answer": "ABCD",
        "analysis": ""
    },
    {
        "id": "202009132206395755",
        "title": "电子商务供应链管理的优势包括",
        "option": [
            "提高企业库存",
            "实现政府统一运营管理",
            "维系和发展客户，拓展业务",
            "保障供应链企业协调有序运转",
            "提高供应链企业的整体运营绩效"
        ],
        "answer": "CDE",
        "analysis": ""
    },
    {
        "id": "202009132206196463",
        "title": "软件著作财产权包括",
        "option": [
            "转让权",
            "修改权",
            "署名权",
            "专有使用权",
            "使用许可权"
        ],
        "answer": "ADE",
        "analysis": ""
    },
    {
        "id": "202009132206377255",
        "title": "简述电子商务产生的原因。",
        "option": [],
        "answer": " \n信息网络技术为电子商务奠定了技术基础（2分）\n国际经济交往的客观要求（2分）\n市场竞争是催化剂（2分）",
        "analysis": ""
    },
    {
        "id": "202009132206845668",
        "title": "简述第三方支付的特点。",
        "option": [],
        "answer": "\n使商家能够同时利用多家银行的支付通道\n操作更加简单且易于接受\n解决了信用问题",
        "analysis": ""
    },
    {
        "id": "202009132206194554",
        "title": "简述电子商务生产方式对企业的影响。",
        "option": [],
        "answer": "\n企业成为“学习组织”\n企业注重知识网络建设\n企业功能社会化\n企业管理信息化",
        "analysis": ""
    },
    {
        "id": "202009132206698067",
        "title": "简述电子采购的优势。",
        "option": [],
        "answer": "\n降低采购成本\n提高采购效率\n增加交易透明度\n优化采购管理",
        "analysis": ""
    },
    {
        "id": "202009132206862200",
        "title": "简述数字鸿沟产生的原因。",
        "option": [],
        "answer": "\n地域经济发展差异可能导致数字鸿沟\n社会因素复杂可能导致数字鸿沟\n科学技术发展不均衡可能导致数字鸿沟\n地理环境复杂可能导致数字鸿沟",
        "analysis": ""
    },
    {
        "id": "20200913220643812",
        "title": "下列各项中，为电子商务产生奠定了技术基础的是",
        "option": [
            "市场竞争",
            " 信息网络技术",
            "国际交往要求",
            "管理理论研究"
        ],
        "answer": "B",
        "analysis": ""
    },
    {
        "id": "202009132206305399",
        "title": "企业与政府之间的电子商务是",
        "option": [
            "B2B",
            "82C",
            "B2G",
            "C2C"
        ],
        "answer": "C",
        "analysis": ""
    },
    {
        "id": "202009132206409401",
        "title": "下列属于外联网特征的是",
        "option": [
            "强调消费者间的连接",
            "强调企业内部业务部门间的连接",
            "强调企业与消费者间的连接",
            "强调有业务往来的企业间的连接"
        ],
        "answer": "D",
        "analysis": ""
    },
    {
        "id": "202009132206394707",
        "title": "下列关于对称加密叙述不正确的是",
        "option": [
            "也叫单密钥加密",
            "DES属于对称加密算法",
            "RSA属于对称加密算法",
            "加密密钥和解密密钥相同"
        ],
        "answer": "C",
        "analysis": ""
    },
    {
        "id": "202009132206102414",
        "title": "下列关于SET协议叙述不正确的是    ’",
        "option": [
            "T协议叙述不正确的是",
            "身份验证对象限于消费者",
            "通过加密技术保证数据的安全性",
            "通过数字签名保证数据的完整性",
            "需要在客户端安装专门的交易软件"
        ],
        "answer": "A",
        "analysis": ""
    },
    {
        "id": "202009132206129182",
        "title": "下列属于物联网感知层关键技术的是",
        "option": [
            "射频识别技术",
            "互联网技术",
            "人工智能技术",
            "移动通信网技术"
        ],
        "answer": "A",
        "analysis": ""
    },
    {
        "id": "20200913220636471",
        "title": "下列关于商务模式叙述正确的是",
        "option": [
            "商务模式属于电子商务模式",
            "商务模式都使用网络信息技术",
            "商务模式组成部分之间相互独立",
            "价值是商务模式要素中的一个核心要素"
        ],
        "answer": "D",
        "analysis": ""
    },
    {
        "id": "202009132206548650",
        "title": "第一价位秘密竞标也称为",
        "option": [
            "英式拍卖",
            "法式拍卖",
            "荷兰式拍卖",
            "日本式拍卖"
        ],
        "answer": "D",
        "analysis": ""
    },
    {
        "id": "202009132206233333",
        "title": "下列属于企业软件资源的是",
        "option": [
            "生产厂房",
            "企业品牌",
            "运输工具",
            "生产设备"
        ],
        "answer": "B",
        "analysis": ""
    },
    {
        "id": "202009132206115030",
        "title": "下列不属于互联网思维特点的是",
        "option": [
            "以顾客为中心",
            "注重顾客体验",
            "边际收益递减",
            "整合利用资源"
        ],
        "answer": "C",
        "analysis": ""
    },
    {
        "id": "202009132206727236",
        "title": "与电子商务战略相比，电子商务策略具有的特征是",
        "option": [
            "全局性",
            "长远性",
            "局部性",
            "先导性"
        ],
        "answer": "C",
        "analysis": ""
    },
    {
        "id": "202009132206545878",
        "title": "菜电子商务公司在迅速扩张品类后面临较大经营压力，因此采取了裁员、减少经营",
        "option": [
            "收缩战略",
            "剥离战略",
            "清算战略",
            "多元战略"
        ],
        "answer": "A",
        "analysis": ""
    },
    {
        "id": "202009132206881098",
        "title": "下列属于SPACE矩阵中外部因素的是",
        "option": [
            "CE矩阵中外部因素的是",
            "产品态势",
            "竞争态势",
            "产业态势",
            "财务态势"
        ],
        "answer": "C",
        "analysis": ""
    },
    {
        "id": "202009132206484634",
        "title": "把每一位顾客视为一个潜在的细分市场，根据每一位顾客的特定要求，单独设计、",
        "option": [
            "定制营销",
            "搜索引擎营销",
            "电子邮件营销",
            "网络广告营销"
        ],
        "answer": "A",
        "analysis": ""
    },
    {
        "id": "202009132206692175",
        "title": "消费者对一种物品的需求受到其替代品价格变化的影响，当某物品的替代品涨价时，",
        "option": [
            "减少",
            "增加",
            "不变",
            "不确定"
        ],
        "answer": "B",
        "analysis": ""
    },
    {
        "id": "202009132206195288",
        "title": "客户关系管理的英文缩写是",
        "option": [
            "CRM",
            "ERP",
            "CSS",
            "GPRS"
        ],
        "answer": "A",
        "analysis": ""
    },
    {
        "id": "202009132206459408",
        "title": "大数据低价值密度特征的主要体现是",
        "option": [
            "数据实时生成",
            "数据实时处理",
            "不连贯语法或语义",
            "存在大量不相关信息"
        ],
        "answer": "D",
        "analysis": ""
    },
    {
        "id": "202009132206163320",
        "title": "卖家数量很多，规模很小，每个生产者都不能影响价格，商品价格完全由供给和需",
        "option": [
            "垄断",
            "完全竞争",
            "垄断竞争",
            "寡头垄断"
        ],
        "answer": "B",
        "analysis": ""
    },
    {
        "id": "202009132206696120",
        "title": "网易公司向消费者提供免费电子邮件服务，其定价策略是",
        "option": [
            "免费策略",
            "动态定价策略",
            "联盟定价策略",
            "版本定价策略"
        ],
        "answer": "A",
        "analysis": ""
    },
    {
        "id": "202009132206231567",
        "title": "下列不属于电子商务供应链管理特点的是",
        "option": [
            "供应链的电子化",
            "供应链的网络化",
            "供应链管理机构虚拟化",
            "供应链管理机构社会化"
        ],
        "answer": "D",
        "analysis": ""
    },
    {
        "id": "202009132206645984",
        "title": "由交易过程决定的电子商务特点包括",
        "option": [
            "集成性",
            "虚拟性",
            "普遍性",
            "交互性",
            "可拓展性"
        ],
        "answer": "BCD",
        "analysis": ""
    },
    {
        "id": "202009132206982225",
        "title": "Web2.0的主要代表技术有",
        "option": [
            "，Tag",
            "RSS",
            "HTTP",
            "H田ⅥL",
            " TrackBack"
        ],
        "answer": "ABE",
        "analysis": ""
    },
    {
        "id": "20200913220677021",
        "title": "云计算的特征有",
        "option": [
            "超大规模",
            "超高成本",
            "可靠性高",
            "可扩展性高",
            "按需服务"
        ],
        "answer": "ACDE",
        "analysis": ""
    },
    {
        "id": "202009132206215540",
        "title": "跨境电子商务较之传统外贸经营模式的优势有",
        "option": [
            "直接化",
            "利润高",
            "频度低",
            "成本低",
            "距离短"
        ],
        "answer": "ABD",
        "analysis": ""
    },
    {
        "id": "202009132206619681",
        "title": " 电子商务能导致企业组织结构扁平化，其表现有",
        "option": [
            "管理层次减少",
            "管理层次增加",
            "管理幅度减少",
            "管理幅度增加",
            "中层管理人员比例增高"
        ],
        "answer": "AD",
        "analysis": ""
    },
    {
        "id": "202009132206742802",
        "title": "简述互联网金融的主要模式。",
        "option": [],
        "answer": "\n第三方支付模式\nP2P网络借贷模式\n众筹融资模式",
        "analysis": ""
    },
    {
        "id": "202009132206647579",
        "title": "简述SWOT分析的步骤。",
        "option": [],
        "answer": "\n进行企业外部环境分析\n进行企业内部环境分析\n绘制SWOT矩阵\n进行组合分析",
        "analysis": ""
    },
    {
        "id": "202009132206947849",
        "title": "简述网络调研的优势。",
        "option": [],
        "answer": "\n网络调研突破时空限制\n网络调研具有便携性和经济性\n网络调研具有及时性和共线性\n网络调研具有交互性和充分性\n网络调研具有可靠性和客观性",
        "analysis": ""
    },
    {
        "id": "202009132206917377",
        "title": "简述Web数据挖掘的类型。",
        "option": [
            "B内容挖掘，即对网络的内容、数据和文档进行挖掘",
            "B结构挖掘，即对WEB页面超链接关系、文档内部结构、文档中目录途径结构的挖掘"
        ],
        "answer": "\nWEB内容挖掘，即对网络的内容、数据和文档进行挖掘\nWEB结构挖掘，即对WEB页面超链接关系、文档内部结构、文档中目录途径结构的挖掘\nWEB使用模式挖掘，即对用户访问WEB服务器时留下的访问记录进行挖掘",
        "analysis": ""
    },
    {
        "id": "202009132206679405",
        "title": "简述市场跟进战略的主要方法。",
        "option": [],
        "answer": "\n紧密跟进，在各个子市场和市场营销方面，尽可能效仿主导者\n选择跟进，在某些方面跟进主导者，在另一些方面同主导者各行其是，不盲目跟进，在跟进的同时有自己的独创性\n距离更近，在主要方面跟进主导者，但仍和主导者保持差异\n\n",
        "analysis": ""
    }
]