[
    {
        "id": "202110062120903019",
        "title": "“将分离的设备、功能、信息等要素集中成为一个相互关联的、统一的系统”体现",
        "option": [
            "协调性",
            "安全性",
            "集成性",
            "可拓展性"
        ],
        "answer": "C",
        "analysis": ""
    },
    {
        "id": "202110062120617627",
        "title": "下列关于电子商务产生原因的叙述中，不正确的是",
        "option": [
            "市场竞争是催化剂",
            "智能手机的普及与应用",
            "国际经济交往的客观要求",
            "信息网络技术为电子商务奠定了技术基础"
        ],
        "answer": "B",
        "analysis": ""
    },
    {
        "id": "202110062120272575",
        "title": "电子商务最基本的安全措施是",
        "option": [
            "加密技术",
            "认证技术",
            "SSL技术",
            "SET技术"
        ],
        "answer": "A",
        "analysis": ""
    },
    {
        "id": "20211006212073651",
        "title": "下列关于数字时间戳叙述正确的是",
        "option": [
            " 数字时间戳由金融机构提供",
            "数字时间戳的实现需要数字签名",
            "数字时间戳的实现无需加密技术",
            "数字时间戳的时间可以任意设定"
        ],
        "answer": "B",
        "analysis": ""
    },
    {
        "id": "202110062120828338",
        "title": "下列关于3G主要特点叙述正确的是",
        "option": [
            "单速率传送",
            "单业务传送",
            "采用宽带射频信道",
            "应用低频段频谱资源"
        ],
        "answer": "C",
        "analysis": ""
    },
    {
        "id": "20211006212049832",
        "title": "下列不属于B2B电子商务细分模式的是",
        "option": [
            "2B电子商务细分模式的是",
            "买方集中模式",
            "卖方集中模式",
            "第三方交易市场模式",
            "第四方交易市场模式"
        ],
        "answer": "D",
        "analysis": ""
    },
    {
        "id": "202110062120661029",
        "title": "企业管理层次减少、管理幅度增加的组织结构变化称为",
        "option": [
            "柔性化",
            "扁平化",
            "网络化",
            "团队化"
        ],
        "answer": "B",
        "analysis": ""
    },
    {
        "id": "202110062120104529",
        "title": "互联网金融的行业本质是",
        "option": [
            "金融",
            "零售",
            "互联网",
            "数字产业"
        ],
        "answer": "A",
        "analysis": ""
    }
]